IRE	Nr.	Quarter	X	Y	X_Merchich	Y_Merchich	Z	Depth_max	From	To	Thickness	Lithology
7003/70	7003	70	-9.489286	30.314829	106750	375350	32	115	0	1	1	loam
7003/70	7003	70	-9.489286	30.314829	106750	375350	32	115	1	4	3	sand
7003/70	7003	70	-9.489286	30.314829	106750	375350	32	115	4	75	71	limestone
7003/70	7003	70	-9.489286	30.314829	106750	375350	32	115	75	87	12	fragile sandstone
7003/70	7003	70	-9.489286	30.314829	106750	375350	32	115	87	101	14	limestone
7003/70	7003	70	-9.489286	30.314829	106750	375350	32	115	101	115	14	fine sand
6475/70	6475	70	-9.437665	30.299248	111650	373450	79	180	0	6	6	limestone
6475/70	6475	70	-9.437665	30.299248	111650	373450	79	180	6	9	3	marl
6475/70	6475	70	-9.437665	30.299248	111650	373450	79	180	9	45	36	limestone
6475/70	6475	70	-9.437665	30.299248	111650	373450	79	180	45	80	35	marly limestone
6475/70	6475	70	-9.437665	30.299248	111650	373450	79	180	80	90	10	marl
6475/70	6475	70	-9.437665	30.299248	111650	373450	79	180	90	100	10	marl-limestone
6475/70	6475	70	-9.437665	30.299248	111650	373450	79	180	100	166	66	limestone
6475/70	6475	70	-9.437665	30.299248	111650	373450	79	180	166	172	6	sandy limestone
6475/70	6475	70	-9.437665	30.299248	111650	373450	79	180	172	180	8	clayey sand
6474/70	6474	70	-9.386275	30.262874	116450	369250	106	180	0	1	1	loam
6474/70	6474	70	-9.386275	30.262874	116450	369250	106	180	1	7	6	marly limestone
6474/70	6474	70	-9.386275	30.262874	116450	369250	106	180	7	8	1	sand
6474/70	6474	70	-9.386275	30.262874	116450	369250	106	180	8	46	38	clay
6474/70	6474	70	-9.386275	30.262874	116450	369250	106	180	46	50	4	limestone
6474/70	6474	70	-9.386275	30.262874	116450	369250	106	180	50	80	30	clay
6474/70	6474	70	-9.386275	30.262874	116450	369250	106	180	80	87	7	limestone
6474/70	6474	70	-9.386275	30.262874	116450	369250	106	180	87	108	21	clay
6474/70	6474	70	-9.386275	30.262874	116450	369250	106	180	108	110	2	limestone
6474/70	6474	70	-9.386275	30.262874	116450	369250	106	180	110	126	16	clay
6474/70	6474	70	-9.386275	30.262874	116450	369250	106	180	126	127	1	limestone
6474/70	6474	70	-9.386275	30.262874	116450	369250	106	180	127	136	9	limestone
6474/70	6474	70	-9.386275	30.262874	116450	369250	106	180	136	150	14	clay
6474/70	6474	70	-9.386275	30.262874	116450	369250	106	180	150	165	15	limestone
6474/70	6474	70	-9.386275	30.262874	116450	369250	106	180	165	180	15	clay
6153/70	6153	70	-9.403716	30.335034	115050	377300	68	120	0	2	2	limestone
6153/70	6153	70	-9.403716	30.335034	115050	377300	68	120	2	4	2	loam
6153/70	6153	70	-9.403716	30.335034	115050	377300	68	120	4	9	5	marly clay
6153/70	6153	70	-9.403716	30.335034	115050	377300	68	120	9	21	12	limestone
6153/70	6153	70	-9.403716	30.335034	115050	377300	68	120	21	27	6	marl-limestone
6153/70	6153	70	-9.403716	30.335034	115050	377300	68	120	27	48	21	marl
6153/70	6153	70	-9.403716	30.335034	115050	377300	68	120	48	52	4	clay
6153/70	6153	70	-9.403716	30.335034	115050	377300	68	120	52	58	6	clay
6153/70	6153	70	-9.403716	30.335034	115050	377300	68	120	58	61	3	marl
6153/70	6153	70	-9.403716	30.335034	115050	377300	68	120	61	67	6	limestone
6153/70	6153	70	-9.403716	30.335034	115050	377300	68	120	67	69	2	marl-limestone
6153/70	6153	70	-9.403716	30.335034	115050	377300	68	120	69	72	3	limestone
6153/70	6153	70	-9.403716	30.335034	115050	377300	68	120	72	75	3	marl-limestone
6153/70	6153	70	-9.403716	30.335034	115050	377300	68	120	75	91	16	limestone
6153/70	6153	70	-9.403716	30.335034	115050	377300	68	120	91	92	1	marl
6153/70	6153	70	-9.403716	30.335034	115050	377300	68	120	92	95	3	sandy limestone
6153/70	6153	70	-9.403716	30.335034	115050	377300	68	120	95	96	1	clay
6153/70	6153	70	-9.403716	30.335034	115050	377300	68	120	96	103	7	limestone
6153/70	6153	70	-9.403716	30.335034	115050	377300	68	120	103	104	1	marl
6153/70	6153	70	-9.403716	30.335034	115050	377300	68	120	104	108	4	marl-limestone
6153/70	6153	70	-9.403716	30.335034	115050	377300	68	120	108	118	10	marly limestone
6153/70	6153	70	-9.403716	30.335034	115050	377300	68	120	118	119	1	clay
6153/70	6153	70	-9.403716	30.335034	115050	377300	68	120	119	120	1	limestone
6188/70	6188	70	-9.350442	30.338158	120180	377470	81	175	0	3	3	clay
6188/70	6188	70	-9.350442	30.338158	120180	377470	81	175	3	9	6	limestone
6188/70	6188	70	-9.350442	30.338158	120180	377470	81	175	9	23	14	marl
6188/70	6188	70	-9.350442	30.338158	120180	377470	81	175	23	43	20	limestone
6188/70	6188	70	-9.350442	30.338158	120180	377470	81	175	43	100	57	marly limestone
6188/70	6188	70	-9.350442	30.338158	120180	377470	81	175	100	175	75	limestone
6371/70	6371	70	-9.472012	30.337930	108500	377850	33	128	0	1	1	loam
6371/70	6371	70	-9.472012	30.337930	108500	377850	33	128	1	4	3	clay
6371/70	6371	70	-9.472012	30.337930	108500	377850	33	128	4	20	16	marl-limestone
6371/70	6371	70	-9.472012	30.337930	108500	377850	33	128	20	30	10	marly limestone
6371/70	6371	70	-9.472012	30.337930	108500	377850	33	128	30	45	15	limestone
6371/70	6371	70	-9.472012	30.337930	108500	377850	33	128	45	48	3	clay
6371/70	6371	70	-9.472012	30.337930	108500	377850	33	128	48	75	27	limestone
6371/70	6371	70	-9.472012	30.337930	108500	377850	33	128	75	82	7	marl-limestone
6371/70	6371	70	-9.472012	30.337930	108500	377850	33	128	82	118	36	limestone
6371/70	6371	70	-9.472012	30.337930	108500	377850	33	128	118	125	7	sandstone
6371/70	6371	70	-9.472012	30.337930	108500	377850	33	128	125	128	3	sand
7003/70	7003	70	-9.489286	30.314829	106750	375350	32	120	0	1	1	loam
7003/70	7003	70	-9.489286	30.314829	106750	375350	32	120	1	4	3	sand
7003/70	7003	70	-9.489286	30.314829	106750	375350	32	120	4	75	71	limestone
7003/70	7003	70	-9.489286	30.314829	106750	375350	32	120	75	87	12	fragile sandstone
7003/70	7003	70	-9.489286	30.314829	106750	375350	32	120	87	101	14	limestone
7003/70	7003	70	-9.489286	30.314829	106750	375350	32	120	101	120	19	fine sand
3457/70	3457	70	-9.515777	30.275639	104050	371100	49.29	46	0	0.2	0.2	loam
3457/70	3457	70	-9.515777	30.275639	104050	371100	49.29	46	0.2	5	4.8	fragile sandstone
3457/70	3457	70	-9.515777	30.275639	104050	371100	49.29	46	5	6	1	sandy clay
3457/70	3457	70	-9.515777	30.275639	104050	371100	49.29	46	6	13	7	fragile sandstone
3457/70	3457	70	-9.515777	30.275639	104050	371100	49.29	46	13	16	3	sandy clay
3457/70	3457	70	-9.515777	30.275639	104050	371100	49.29	46	16	25	9	fragile sandstone
3457/70	3457	70	-9.515777	30.275639	104050	371100	49.29	46	25	27	2	sandy clay
3457/70	3457	70	-9.515777	30.275639	104050	371100	49.29	46	27	37	10	sandstone
3457/70	3457	70	-9.515777	30.275639	104050	371100	49.29	46	37	39	2	sandy clay
3457/70	3457	70	-9.515777	30.275639	104050	371100	49.29	46	39	41	2	sandstone
3457/70	3457	70	-9.515777	30.275639	104050	371100	49.29	46	41	44	3	sandy clay
3457/70	3457	70	-9.515777	30.275639	104050	371100	49.29	46	44	45	1	sandstone
3457/70	3457	70	-9.515777	30.275639	104050	371100	49.29	46	45	46	1	sandy clay
6257/70	6257	70	-9.373964	30.385356	118100	382775	45	120	0	5	5	clayey loam
6257/70	6257	70	-9.373964	30.385356	118100	382775	45	120	5	25	20	alluvium
6257/70	6257	70	-9.373964	30.385356	118100	382775	45	120	25	30	5	marl
6257/70	6257	70	-9.373964	30.385356	118100	382775	45	120	30	37	7	alluvium
6257/70	6257	70	-9.373964	30.385356	118100	382775	45	120	37	39	2	pebbles
6257/70	6257	70	-9.373964	30.385356	118100	382775	45	120	39	50	11	gravelly marl
6257/70	6257	70	-9.373964	30.385356	118100	382775	45	120	50	76	26	alluvium
6257/70	6257	70	-9.373964	30.385356	118100	382775	45	120	76	81	5	clay
6257/70	6257	70	-9.373964	30.385356	118100	382775	45	120	81	95	14	marl
6257/70	6257	70	-9.373964	30.385356	118100	382775	45	120	95	100	5	calcareous marl
6257/70	6257	70	-9.373964	30.385356	118100	382775	45	120	100	120	20	clay
6204/70	6204	70	-9.507541	30.353995	105150	379750	12	42	0	1	1	sandy loam
6204/70	6204	70	-9.507541	30.353995	105150	379750	12	42	1	38	37	alluvium
6204/70	6204	70	-9.507541	30.353995	105150	379750	12	42	38	39	1	marl
6204/70	6204	70	-9.507541	30.353995	105150	379750	12	42	39	40	1	gravel
6204/70	6204	70	-9.507541	30.353995	105150	379750	12	42	40	42	2	marl
0003/69	0003	69	-9.524236	30.291630	103300	372900	40	51	0	2	2	fine sand
0003/69	0003	69	-9.524236	30.291630	103300	372900	40	51	2	20.5	18.5	sandstone
0003/69	0003	69	-9.524236	30.291630	103300	372900	40	51	20.5	24	3.5	limestone
0003/69	0003	69	-9.524236	30.291630	103300	372900	40	51	24	39	15	sandstone
0003/69	0003	69	-9.524236	30.291630	103300	372900	40	51	39	47	8	limestone
0003/69	0003	69	-9.524236	30.291630	103300	372900	40	51	47	51	4	sandy marl
0859/69	0859	69	-9.550458	30.334670	100951	377757	13.6	110	0	4.5	4.5	dune sand
0859/69	0859	69	-9.550458	30.334670	100951	377757	13.6	110	4.5	8.3	3.8	sandstone
0859/69	0859	69	-9.550458	30.334670	100951	377757	13.6	110	8.3	14	5.7	sandstone
0859/69	0859	69	-9.550458	30.334670	100951	377757	13.6	110	14	21	7	sandy clay
0859/69	0859	69	-9.550458	30.334670	100951	377757	13.6	110	21	28	7	sandstone
0859/69	0859	69	-9.550458	30.334670	100951	377757	13.6	110	28	34	6	sandstone
0859/69	0859	69	-9.550458	30.334670	100951	377757	13.6	110	34	60	26	sandstone
0859/69	0859	69	-9.550458	30.334670	100951	377757	13.6	110	60	68	8	sandstone
0859/69	0859	69	-9.550458	30.334670	100951	377757	13.6	110	68	95	27	sandstone
0859/69	0859	69	-9.550458	30.334670	100951	377757	13.6	110	95	97	2	sandy clay
0859/69	0859	69	-9.550458	30.334670	100951	377757	13.6	110	97	110	13	clayey sand
1183/69	1183	69	-9.534115	30.405090	102800	385500	72.15	112	0	1	1	loam
1183/69	1183	69	-9.534115	30.405090	102800	385500	72.15	112	1	3	2	limestone
1183/69	1183	69	-9.534115	30.405090	102800	385500	72.15	112	3	5	2	clay
1183/69	1183	69	-9.534115	30.405090	102800	385500	72.15	112	5	8	3	marl-limestone
1183/69	1183	69	-9.534115	30.405090	102800	385500	72.15	112	8	9	1	clay
1183/69	1183	69	-9.534115	30.405090	102800	385500	72.15	112	9	11	2	gravel
1183/69	1183	69	-9.534115	30.405090	102800	385500	72.15	112	11	36	25	marl-limestone
1183/69	1183	69	-9.534115	30.405090	102800	385500	72.15	112	36	48	12	gravel
1183/69	1183	69	-9.534115	30.405090	102800	385500	72.15	112	48	50	2	marl-limestone
1183/69	1183	69	-9.534115	30.405090	102800	385500	72.15	112	50	54	4	gravel
1183/69	1183	69	-9.534115	30.405090	102800	385500	72.15	112	54	60	6	clay
1183/69	1183	69	-9.534115	30.405090	102800	385500	72.15	112	60	62	2	sandstone
1183/69	1183	69	-9.534115	30.405090	102800	385500	72.15	112	62	64	2	sandstone
1183/69	1183	69	-9.534115	30.405090	102800	385500	72.15	112	64	76	12	coarse sand
1183/69	1183	69	-9.534115	30.405090	102800	385500	72.15	112	76	110	34	fine sand
1183/69	1183	69	-9.534115	30.405090	102800	385500	72.15	112	110	112	2	sandy clay
0871/69	0871	69	-9.538674	30.313719	102000	375396	29.5	70	0	16	16	dune sand
0871/69	0871	69	-9.538674	30.313719	102000	375396	29.5	70	16	18	2	sand
0871/69	0871	69	-9.538674	30.313719	102000	375396	29.5	70	18	19	1	sand
0871/69	0871	69	-9.538674	30.313719	102000	375396	29.5	70	19	22	3	sandstone
0871/69	0871	69	-9.538674	30.313719	102000	375396	29.5	70	22	25	3	sandstone
0871/69	0871	69	-9.538674	30.313719	102000	375396	29.5	70	25	26	1	clayey sand
0871/69	0871	69	-9.538674	30.313719	102000	375396	29.5	70	26	27	1	sandstone
0871/69	0871	69	-9.538674	30.313719	102000	375396	29.5	70	27	28	1	sandstone
0871/69	0871	69	-9.538674	30.313719	102000	375396	29.5	70	28	33	5	sandstone
0871/69	0871	69	-9.538674	30.313719	102000	375396	29.5	70	33	37	4	sandstone
0871/69	0871	69	-9.538674	30.313719	102000	375396	29.5	70	37	41	4	sandstone
0871/69	0871	69	-9.538674	30.313719	102000	375396	29.5	70	41	42	1	clay
0871/69	0871	69	-9.538674	30.313719	102000	375396	29.5	70	42	43	1	sandstone
0871/69	0871	69	-9.538674	30.313719	102000	375396	29.5	70	43	44	1	sandstone
0871/69	0871	69	-9.538674	30.313719	102000	375396	29.5	70	44	45	1	sandstone
0871/69	0871	69	-9.538674	30.313719	102000	375396	29.5	70	45	48	3	sandstone
0871/69	0871	69	-9.538674	30.313719	102000	375396	29.5	70	48	53	5	sandstone
0871/69	0871	69	-9.538674	30.313719	102000	375396	29.5	70	53	59	6	sandstone
0871/69	0871	69	-9.538674	30.313719	102000	375396	29.5	70	59	61	2	sandstone
0871/69	0871	69	-9.538674	30.313719	102000	375396	29.5	70	61	70	9	sandstone
0873/69	0873	69	-9.541318	30.304924	101711	374431	24	55	0	1	1	sand
0873/69	0873	69	-9.541318	30.304924	101711	374431	24	55	1	2	1	sandy marl
0873/69	0873	69	-9.541318	30.304924	101711	374431	24	55	2	3	1	sandy marl
0873/69	0873	69	-9.541318	30.304924	101711	374431	24	55	3	9	6	sandy marl
0873/69	0873	69	-9.541318	30.304924	101711	374431	24	55	9	10	1	sandy marl
0873/69	0873	69	-9.541318	30.304924	101711	374431	24	55	10	12	2	sandy marl
0873/69	0873	69	-9.541318	30.304924	101711	374431	24	55	12	15	3	sandy limestone
0873/69	0873	69	-9.541318	30.304924	101711	374431	24	55	15	24	9	sandstone
0873/69	0873	69	-9.541318	30.304924	101711	374431	24	55	24	26	2	sandstone
0873/69	0873	69	-9.541318	30.304924	101711	374431	24	55	26	27	1	clayey sand
0873/69	0873	69	-9.541318	30.304924	101711	374431	24	55	27	28	1	clayey sand
0873/69	0873	69	-9.541318	30.304924	101711	374431	24	55	28	34	6	sandstone
0873/69	0873	69	-9.541318	30.304924	101711	374431	24	55	34	40	6	sandstone
0873/69	0873	69	-9.541318	30.304924	101711	374431	24	55	40	55	15	fine sand
0993/69	0993	69	-9.575495	30.385743	98750	383500	20	51	0	1	1	alluvium
0993/69	0993	69	-9.575495	30.385743	98750	383500	20	51	1	3	2	sandy limestone
0993/69	0993	69	-9.575495	30.385743	98750	383500	20	51	3	5	2	marly clay
0993/69	0993	69	-9.575495	30.385743	98750	383500	20	51	5	6	1	sandy limestone
0993/69	0993	69	-9.575495	30.385743	98750	383500	20	51	6	12	6	clay
0993/69	0993	69	-9.575495	30.385743	98750	383500	20	51	12	15	3	sandy limestone
0993/69	0993	69	-9.575495	30.385743	98750	383500	20	51	15	18	3	fine sand
0993/69	0993	69	-9.575495	30.385743	98750	383500	20	51	18	25	7	sandstone
0993/69	0993	69	-9.575495	30.385743	98750	383500	20	51	29	40	11	sand
0993/69	0993	69	-9.575495	30.385743	98750	383500	20	51	40	50	10	clay
0993/69	0993	69	-9.575495	30.385743	98750	383500	20	51	50	51	1	pebbles
1157/69	1157	69	-9.530541	30.419467	103200	387080	95	100	0	3	3	limestone
1157/69	1157	69	-9.530541	30.419467	103200	387080	95	100	3	19	16	marly limestone
1157/69	1157	69	-9.530541	30.419467	103200	387080	95	100	19	33	14	limestone
1157/69	1157	69	-9.530541	30.419467	103200	387080	95	100	33	36	3	clay
1157/69	1157	69	-9.530541	30.419467	103200	387080	95	100	36	75	39	clay
1157/69	1157	69	-9.530541	30.419467	103200	387080	95	100	75	100	25	clay
1204/69	1204	69	-9.524776	30.241500	103050	367350	64	100	0	1	1	loam
1204/69	1204	69	-9.524776	30.241500	103050	367350	64	100	1	4	3	limestone
1204/69	1204	69	-9.524776	30.241500	103050	367350	64	100	4	8	4	limestone
1204/69	1204	69	-9.524776	30.241500	103050	367350	64	100	8	17	9	sandstone
1204/69	1204	69	-9.524776	30.241500	103050	367350	64	100	17	20	3	sandstone
1204/69	1204	69	-9.524776	30.241500	103050	367350	64	100	20	22	2	sandstone
1204/69	1204	69	-9.524776	30.241500	103050	367350	64	100	22	32	10	sandy limestone
1204/69	1204	69	-9.524776	30.241500	103050	367350	64	100	32	37	5	sandstone
1204/69	1204	69	-9.524776	30.241500	103050	367350	64	100	37	41	4	limestone
1204/69	1204	69	-9.524776	30.241500	103050	367350	64	100	41	42	1	marly limestone
1204/69	1204	69	-9.524776	30.241500	103050	367350	64	100	42	55	13	sandy limestone
1204/69	1204	69	-9.524776	30.241500	103050	367350	64	100	55	67	12	sandstone
1204/69	1204	69	-9.524776	30.241500	103050	367350	64	100	67	87	20	sandy limestone
1204/69	1204	69	-9.524776	30.241500	103050	367350	64	100	87	100	13	sandstone
1296/69	1296	69	-9.532269	30.246686	102350	367950	60	150	0	1	1	clayey sand
1296/69	1296	69	-9.532269	30.246686	102350	367950	60	150	1	6	5	marly sand
1296/69	1296	69	-9.532269	30.246686	102350	367950	60	150	6	15	9	sand
1296/69	1296	69	-9.532269	30.246686	102350	367950	60	150	15	32	17	fragile sandstone
1296/69	1296	69	-9.532269	30.246686	102350	367950	60	150	32	34	2	sand
1296/69	1296	69	-9.532269	30.246686	102350	367950	60	150	34	46	12	fragile sandstone
1296/69	1296	69	-9.532269	30.246686	102350	367950	60	150	46	103	57	sandstone
1296/69	1296	69	-9.532269	30.246686	102350	367950	60	150	103	111	8	sandy marl
1296/69	1296	69	-9.532269	30.246686	102350	367950	60	150	111	127	16	sandy clay
1296/69	1296	69	-9.532269	30.246686	102350	367950	60	150	127	136	9	clay
1296/69	1296	69	-9.532269	30.246686	102350	367950	60	150	136	150	14	marl
4952/70	4952	70	-9.461088	30.376636	109700	382100	27	40	0	5	5	loam
4952/70	4952	70	-9.461088	30.376636	109700	382100	27	40	5	9	4	loam
4952/70	4952	70	-9.461088	30.376636	109700	382100	27	40	9	20	11	sandy clay
4952/70	4952	70	-9.461088	30.376636	109700	382100	27	40	20	23	3	coarse sand
4952/70	4952	70	-9.461088	30.376636	109700	382100	27	40	23	26	3	coarse sand
4952/70	4952	70	-9.461088	30.376636	109700	382100	27	40	26	40	14	marl
1226/69	1226	69	-9.532578	30.393093	102900	384166	49	168	0	4	4	loam
1226/69	1226	69	-9.532578	30.393093	102900	384166	49	168	4	7	3	marl-limestone
1226/69	1226	69	-9.532578	30.393093	102900	384166	49	168	7	14	7	limestone
1226/69	1226	69	-9.532578	30.393093	102900	384166	49	168	14	23	9	marl-limestone
1226/69	1226	69	-9.532578	30.393093	102900	384166	49	168	23	34	11	alluvium
1226/69	1226	69	-9.532578	30.393093	102900	384166	49	168	34	36	2	marl-limestone
1226/69	1226	69	-9.532578	30.393093	102900	384166	49	168	36	38	2	alluvium
1226/69	1226	69	-9.532578	30.393093	102900	384166	49	168	38	40	2	marl-limestone
1226/69	1226	69	-9.532578	30.393093	102900	384166	49	168	40	75	35	conglomerate
1226/69	1226	69	-9.532578	30.393093	102900	384166	49	168	75	84	9	marl-limestone
1226/69	1226	69	-9.532578	30.393093	102900	384166	49	168	84	88	4	marly clay
1226/69	1226	69	-9.532578	30.393093	102900	384166	49	168	88	100	12	alluvium
1226/69	1226	69	-9.532578	30.393093	102900	384166	49	168	100	112	12	marl-limestone
1226/69	1226	69	-9.532578	30.393093	102900	384166	49	168	112	135	23	marly clay
1226/69	1226	69	-9.532578	30.393093	102900	384166	49	168	135	141	6	alluvium
1226/69	1226	69	-9.532578	30.393093	102900	384166	49	168	141	142	1	marly clay
1226/69	1226	69	-9.532578	30.393093	102900	384166	49	168	142	146	4	alluvium
1226/69	1226	69	-9.532578	30.393093	102900	384166	49	168	146	147	1	marly clay
1226/69	1226	69	-9.532578	30.393093	102900	384166	49	168	147	162	15	alluvium
1226/69	1226	69	-9.532578	30.393093	102900	384166	49	168	162	164	2	marl-limestone
1226/69	1226	69	-9.532578	30.393093	102900	384166	49	168	164	168	4	clay
4953/70	4953	70	-9.461481	30.373464	109650	381750	22	120	0	1	1	sand
4953/70	4953	70	-9.461481	30.373464	109650	381750	22	120	1	10	9	sandy loam
4953/70	4953	70	-9.461481	30.373464	109650	381750	22	120	10	16	6	pebbles
4953/70	4953	70	-9.461481	30.373464	109650	381750	22	120	16	18	2	sand
4953/70	4953	70	-9.461481	30.373464	109650	381750	22	120	18	23	5	alluvium
4953/70	4953	70	-9.461481	30.373464	109650	381750	22	120	23	35	12	coarse sand
4953/70	4953	70	-9.461481	30.373464	109650	381750	22	120	35	39	4	alluvium
4953/70	4953	70	-9.461481	30.373464	109650	381750	22	120	39	40	1	alluvium
4953/70	4953	70	-9.461481	30.373464	109650	381750	22	120	40	44	4	alluvium
4953/70	4953	70	-9.461481	30.373464	109650	381750	22	120	44	45	1	alluvium
4953/70	4953	70	-9.461481	30.373464	109650	381750	22	120	45	47	2	clayey sand
4953/70	4953	70	-9.461481	30.373464	109650	381750	22	120	47	49	2	clay
4953/70	4953	70	-9.461481	30.373464	109650	381750	22	120	49	120	71	alluvium
4954/70	4954	70	-9.438400	30.369200	111850	381200	30	40	0	2	2	sandy loam
4954/70	4954	70	-9.438400	30.369200	111850	381200	30	40	2	5	3	alluvium
4954/70	4954	70	-9.438400	30.369200	111850	381200	30	40	5	16	11	sandy clay
4954/70	4954	70	-9.438400	30.369200	111850	381200	30	40	16	24	8	alluvium
4954/70	4954	70	-9.438400	30.369200	111850	381200	30	40	24	31	7	alluvium
4954/70	4954	70	-9.438400	30.369200	111850	381200	30	40	31	37	6	gravel
4954/70	4954	70	-9.438400	30.369200	111850	381200	30	40	37	40	3	clayey marl
6378/70	6378	70	-9.365238	30.388550	118950	383100	50	161	0	1	1	loam
6378/70	6378	70	-9.365238	30.388550	118950	383100	50	161	1	3	2	pebbles
6378/70	6378	70	-9.365238	30.388550	118950	383100	50	161	3	5	2	conglomerate
6378/70	6378	70	-9.365238	30.388550	118950	383100	50	161	5	7	2	marl-limestone
6378/70	6378	70	-9.365238	30.388550	118950	383100	50	161	7	10	3	limestone
6378/70	6378	70	-9.365238	30.388550	118950	383100	50	161	10	13	3	marl-limestone
6378/70	6378	70	-9.365238	30.388550	118950	383100	50	161	13	17	4	pebbles
6378/70	6378	70	-9.365238	30.388550	118950	383100	50	161	17	26	9	marl-limestone
6378/70	6378	70	-9.365238	30.388550	118950	383100	50	161	26	27	1	pebbles
6378/70	6378	70	-9.365238	30.388550	118950	383100	50	161	27	29	2	pebbles
6378/70	6378	70	-9.365238	30.388550	118950	383100	50	161	29	31	2	clay
6378/70	6378	70	-9.365238	30.388550	118950	383100	50	161	31	35	4	marl
6378/70	6378	70	-9.365238	30.388550	118950	383100	50	161	35	38	3	pebbles
6378/70	6378	70	-9.365238	30.388550	118950	383100	50	161	38	42	4	gravelly marl
6378/70	6378	70	-9.365238	30.388550	118950	383100	50	161	42	51	9	sandy marl
6378/70	6378	70	-9.365238	30.388550	118950	383100	50	161	51	63	12	alluvium
6378/70	6378	70	-9.365238	30.388550	118950	383100	50	161	63	73	10	gravelly marl
6378/70	6378	70	-9.365238	30.388550	118950	383100	50	161	73	75	2	marl-limestone
6378/70	6378	70	-9.365238	30.388550	118950	383100	50	161	75	77	2	conglomerate
6378/70	6378	70	-9.365238	30.388550	118950	383100	50	161	77	83	6	clay
6378/70	6378	70	-9.365238	30.388550	118950	383100	50	161	83	86	3	marl-limestone
6378/70	6378	70	-9.365238	30.388550	118950	383100	50	161	86	91	5	clay
6378/70	6378	70	-9.365238	30.388550	118950	383100	50	161	91	102	11	pebbles
6378/70	6378	70	-9.365238	30.388550	118950	383100	50	161	102	105	3	conglomerate
6378/70	6378	70	-9.365238	30.388550	118950	383100	50	161	105	161	56	marl-limestone
4958/70	4958	70	-9.404209	30.386482	115200	383000	48	50	0	15	15	alluvium
4958/70	4958	70	-9.404209	30.386482	115200	383000	48	50	15	42	27	alluvium
4958/70	4958	70	-9.404209	30.386482	115200	383000	48	50	42	50	8	clayey marl
0483/69	0483	69	-9.591945	30.405542	97250	385750	26.79	55	0	7.3	7.3	alluvium
0483/69	0483	69	-9.591945	30.405542	97250	385750	26.79	55	7.3	16.8	9.5	shelly limestone
0483/69	0483	69	-9.591945	30.405542	97250	385750	26.79	55	16.8	17.8	1	sand
0483/69	0483	69	-9.591945	30.405542	97250	385750	26.79	55	17.8	18.8	1	shelly limestone
0483/69	0483	69	-9.591945	30.405542	97250	385750	26.79	55	18.8	22.3	3.5	sand
0483/69	0483	69	-9.591945	30.405542	97250	385750	26.79	55	22.3	25.3	3	sandy clay
0483/69	0483	69	-9.591945	30.405542	97250	385750	26.79	55	25.3	35.8	10.5	sand
0483/69	0483	69	-9.591945	30.405542	97250	385750	26.79	55	35.8	38.8	3	clayey sand
0483/69	0483	69	-9.591945	30.405542	97250	385750	26.79	55	38.8	55	16.2	marl
4959/70	4959	70	-9.404943	30.378786	115100	382150	35	120	0	2	2	sandy loam
4959/70	4959	70	-9.404943	30.378786	115100	382150	35	120	2	7	5	coarse sand
4959/70	4959	70	-9.404943	30.378786	115100	382150	35	120	7	46	39	alluvium
4959/70	4959	70	-9.404943	30.378786	115100	382150	35	120	46	120	74	clayey marl
0033/69	0033	69	-9.587366	30.420584	97750	387400	27.5	540	0	50	50	alluvium
0033/69	0033	69	-9.587366	30.420584	97750	387400	27.5	540	50	54.8	4.8	sandstone
0033/69	0033	69	-9.587366	30.420584	97750	387400	27.5	540	54.8	66	11.2	limestone
0033/69	0033	69	-9.587366	30.420584	97750	387400	27.5	540	66	70	4	black mud
0033/69	0033	69	-9.587366	30.420584	97750	387400	27.5	540	70	90	20	marl
0033/69	0033	69	-9.587366	30.420584	97750	387400	27.5	540	90	150	60	marl
0033/69	0033	69	-9.587366	30.420584	97750	387400	27.5	540	150	230	80	sandy marl
0033/69	0033	69	-9.587366	30.420584	97750	387400	27.5	540	230	265	35	marl
0033/69	0033	69	-9.587366	30.420584	97750	387400	27.5	540	265	280	15	conglomerate
0033/69	0033	69	-9.587366	30.420584	97750	387400	27.5	540	280	350	70	sandy marl
0033/69	0033	69	-9.587366	30.420584	97750	387400	27.5	540	350	400	50	clay
0033/69	0033	69	-9.587366	30.420584	97750	387400	27.5	540	400	425	25	sandy marl
0033/69	0033	69	-9.587366	30.420584	97750	387400	27.5	540	425	435	10	marl
0033/69	0033	69	-9.587366	30.420584	97750	387400	27.5	540	435	440	5	clay
0033/69	0033	69	-9.587366	30.420584	97750	387400	27.5	540	440	445	5	marl
0033/69	0033	69	-9.587366	30.420584	97750	387400	27.5	540	445	465	20	sandstone
0033/69	0033	69	-9.587366	30.420584	97750	387400	27.5	540	465	475	10	sandstone
0033/69	0033	69	-9.587366	30.420584	97750	387400	27.5	540	475	480	5	marl
0033/69	0033	69	-9.587366	30.420584	97750	387400	27.5	540	480	495	15	marl
0033/69	0033	69	-9.587366	30.420584	97750	387400	27.5	540	495	515	20	marl
0033/69	0033	69	-9.587366	30.420584	97750	387400	27.5	540	515	525	10	marl
0033/69	0033	69	-9.587366	30.420584	97750	387400	27.5	540	525	535	10	marl
0033/69	0033	69	-9.587366	30.420584	97750	387400	27.5	540	535	540	5	sandy marl
0490/69	0490	69	-9.570807	30.410720	99300	386250	59.26	165	0	4.6	4.6	clay
0490/69	0490	69	-9.570807	30.410720	99300	386250	59.26	165	4.6	6.7	2.1	pebbles
0490/69	0490	69	-9.570807	30.410720	99300	386250	59.26	165	6.7	8.7	2	pebbles
0490/69	0490	69	-9.570807	30.410720	99300	386250	59.26	165	8.7	9.4	0.7	pebbles
0490/69	0490	69	-9.570807	30.410720	99300	386250	59.26	165	9.4	12.3	2.9	calcareous marl
0490/69	0490	69	-9.570807	30.410720	99300	386250	59.26	165	12.3	13.1	0.8	clay
0490/69	0490	69	-9.570807	30.410720	99300	386250	59.26	165	13.1	16.4	3.3	clay
0490/69	0490	69	-9.570807	30.410720	99300	386250	59.26	165	16.4	17.2	0.8	pebbles
0490/69	0490	69	-9.570807	30.410720	99300	386250	59.26	165	17.2	18.3	1.1	conglomerate
0490/69	0490	69	-9.570807	30.410720	99300	386250	59.26	165	18.3	21.1	2.8	clay
0490/69	0490	69	-9.570807	30.410720	99300	386250	59.26	165	21.1	43.9	22.8	conglomerate
0490/69	0490	69	-9.570807	30.410720	99300	386250	59.26	165	43.9	49.4	5.5	clay
0490/69	0490	69	-9.570807	30.410720	99300	386250	59.26	165	49.4	58.3	8.9	pebbles
0490/69	0490	69	-9.570807	30.410720	99300	386250	59.26	165	58.3	61	2.7	limestone
0490/69	0490	69	-9.570807	30.410720	99300	386250	59.26	165	61	103	42	sandstone
0490/69	0490	69	-9.570807	30.410720	99300	386250	59.26	165	103	110	7	clay
0490/69	0490	69	-9.570807	30.410720	99300	386250	59.26	165	110	111.1	1.1	sandstone
0490/69	0490	69	-9.570807	30.410720	99300	386250	59.26	165	111.1	114.7	3.6	conglomerate
0490/69	0490	69	-9.570807	30.410720	99300	386250	59.26	165	114.7	117.8	3.1	sandstone
0490/69	0490	69	-9.570807	30.410720	99300	386250	59.26	165	117.8	125.3	7.5	clay
0490/69	0490	69	-9.570807	30.410720	99300	386250	59.26	165	125.3	133	7.7	conglomerate
0490/69	0490	69	-9.570807	30.410720	99300	386250	59.26	165	133	140	7	sandstone
0490/69	0490	69	-9.570807	30.410720	99300	386250	59.26	165	140	146	6	sandstone
0490/69	0490	69	-9.570807	30.410720	99300	386250	59.26	165	146	150	4	conglomerate
0490/69	0490	69	-9.570807	30.410720	99300	386250	59.26	165	150	165	15	marl
0494/69	0494	69	-9.571885	30.411589	99200	386350	62	120	0	1	1	loam
0494/69	0494	69	-9.571885	30.411589	99200	386350	62	120	1	8.5	7.5	pebbles
0494/69	0494	69	-9.571885	30.411589	99200	386350	62	120	8.5	9	0.5	limestone
0494/69	0494	69	-9.571885	30.411589	99200	386350	62	120	9	27	18	pebbles
0494/69	0494	69	-9.571885	30.411589	99200	386350	62	120	27	38.2	11.2	pebbles
0494/69	0494	69	-9.571885	30.411589	99200	386350	62	120	38.2	41.1	2.9	pebbles
0494/69	0494	69	-9.571885	30.411589	99200	386350	62	120	41.1	49.6	8.5	marl-limestone
0494/69	0494	69	-9.571885	30.411589	99200	386350	62	120	49.6	54.8	5.2	marl-limestone
0494/69	0494	69	-9.571885	30.411589	99200	386350	62	120	54.8	64	9.2	marl-limestone
0494/69	0494	69	-9.571885	30.411589	99200	386350	62	120	64	66	2	marl-limestone
0494/69	0494	69	-9.571885	30.411589	99200	386350	62	120	66	86.5	20.5	marl-limestone
0494/69	0494	69	-9.571885	30.411589	99200	386350	62	120	86.5	88.5	2	pebbles
0494/69	0494	69	-9.571885	30.411589	99200	386350	62	120	88.5	99	10.5	marl-limestone
0494/69	0494	69	-9.571885	30.411589	99200	386350	62	120	99	106	7	clayey sand
0494/69	0494	69	-9.571885	30.411589	99200	386350	62	120	106	108	2	clay
0494/69	0494	69	-9.571885	30.411589	99200	386350	62	120	108	113	5	clayey sand
0494/69	0494	69	-9.571885	30.411589	99200	386350	62	120	113	120	7	clay
0762/69	0762	69	-9.572221	30.424670	99220	387800	0	200	0	19	19	limestone
0762/69	0762	69	-9.572221	30.424670	99220	387800	0	200	19	30	11	sandstone
0762/69	0762	69	-9.572221	30.424670	99220	387800	0	200	30	61	31	sandy clay
0762/69	0762	69	-9.572221	30.424670	99220	387800	0	200	61	95	34	fine sand
0762/69	0762	69	-9.572221	30.424670	99220	387800	0	200	95	170	75	fine sand
0762/69	0762	69	-9.572221	30.424670	99220	387800	0	200	170	200	30	sandy marl
0763/69	0763	69	-9.577740	30.376382	98497	382471	9.6	1006	0	45	45	sandstone
0763/69	0763	69	-9.577740	30.376382	98497	382471	9.6	1006	45	72.5	27.5	conglomerate
0763/69	0763	69	-9.577740	30.376382	98497	382471	9.6	1006	72.5	104	31.5	sand
0763/69	0763	69	-9.577740	30.376382	98497	382471	9.6	1006	104	412	308	sandy marl
0763/69	0763	69	-9.577740	30.376382	98497	382471	9.6	1006	412	538.5	126.5	marl
0763/69	0763	69	-9.577740	30.376382	98497	382471	9.6	1006	538.5	561	22.5	sandy marl
0763/69	0763	69	-9.577740	30.376382	98497	382471	9.6	1006	561	667	106	marl
0763/69	0763	69	-9.577740	30.376382	98497	382471	9.6	1006	667	703.5	36.5	sandy limestone
0763/69	0763	69	-9.577740	30.376382	98497	382471	9.6	1006	703.5	862	158.5	sandy marl
0763/69	0763	69	-9.577740	30.376382	98497	382471	9.6	1006	862	1006	144	marl
7005/70	7005	70	-9.468422	30.287929	108650	372300	60	115	0	5	5	fine sand
7005/70	7005	70	-9.468422	30.287929	108650	372300	60	115	5	6	1	limestone
7005/70	7005	70	-9.468422	30.287929	108650	372300	60	115	6	13	7	fine sand
7005/70	7005	70	-9.468422	30.287929	108650	372300	60	115	13	20	7	limestone
7005/70	7005	70	-9.468422	30.287929	108650	372300	60	115	20	29	9	fine sand
7005/70	7005	70	-9.468422	30.287929	108650	372300	60	115	29	31	2	sandy limestone
7005/70	7005	70	-9.468422	30.287929	108650	372300	60	115	31	34	3	sandy clay
7005/70	7005	70	-9.468422	30.287929	108650	372300	60	115	34	37	3	sandy limestone
7005/70	7005	70	-9.468422	30.287929	108650	372300	60	115	37	40	3	limestone
7005/70	7005	70	-9.468422	30.287929	108650	372300	60	115	40	46	6	limestone
7005/70	7005	70	-9.468422	30.287929	108650	372300	60	115	46	49	3	sand
7005/70	7005	70	-9.468422	30.287929	108650	372300	60	115	49	55	6	limestone
7005/70	7005	70	-9.468422	30.287929	108650	372300	60	115	55	58	3	sandstone
7005/70	7005	70	-9.468422	30.287929	108650	372300	60	115	58	106	48	limestone
7005/70	7005	70	-9.468422	30.287929	108650	372300	60	115	106	109	3	sandstone
7005/70	7005	70	-9.468422	30.287929	108650	372300	60	115	109	115	6	sandy limestone
4974/70	4974	70	-9.367196	30.372240	118700	381300	52	40	0	5	5	loam
4974/70	4974	70	-9.367196	30.372240	118700	381300	52	40	5	21	16	alluvium
4974/70	4974	70	-9.367196	30.372240	118700	381300	52	40	21	40	19	sandy marl
6306/70	6306	70	-9.438782	30.378668	111850	382250	24	120	0	4	4	alluvium
6306/70	6306	70	-9.438782	30.378668	111850	382250	24	120	4	18	14	pebbles
6306/70	6306	70	-9.438782	30.378668	111850	382250	24	120	18	24	6	alluvium
6306/70	6306	70	-9.438782	30.378668	111850	382250	24	120	24	26	2	pebbles
6306/70	6306	70	-9.438782	30.378668	111850	382250	24	120	26	40	14	clay
6306/70	6306	70	-9.438782	30.378668	111850	382250	24	120	40	42	2	sandy clay
6306/70	6306	70	-9.438782	30.378668	111850	382250	24	120	42	44	2	pebbles
6306/70	6306	70	-9.438782	30.378668	111850	382250	24	120	44	45	1	gravel
6306/70	6306	70	-9.438782	30.378668	111850	382250	24	120	45	46	1	pebbles
6306/70	6306	70	-9.438782	30.378668	111850	382250	24	120	46	48	2	gravel
6306/70	6306	70	-9.438782	30.378668	111850	382250	24	120	48	56	8	alluvium
6306/70	6306	70	-9.438782	30.378668	111850	382250	24	120	56	57	1	pebbles
6306/70	6306	70	-9.438782	30.378668	111850	382250	24	120	57	59	2	gravel
6306/70	6306	70	-9.438782	30.378668	111850	382250	24	120	59	61	2	pebbles
6306/70	6306	70	-9.438782	30.378668	111850	382250	24	120	61	75	14	clay
6306/70	6306	70	-9.438782	30.378668	111850	382250	24	120	75	100	25	alluvium
6306/70	6306	70	-9.438782	30.378668	111850	382250	24	120	100	108	8	sandy clay
6306/70	6306	70	-9.438782	30.378668	111850	382250	24	120	108	120	12	alluvium
4975/70	4975	70	-9.368522	30.379424	118600	382100	48	53	0	3	3	sandy loam
4975/70	4975	70	-9.368522	30.379424	118600	382100	48	53	3	7	4	alluvium
4975/70	4975	70	-9.368522	30.379424	118600	382100	48	53	7	24	17	alluvium
4975/70	4975	70	-9.368522	30.379424	118600	382100	48	53	24	32	8	marl
4975/70	4975	70	-9.368522	30.379424	118600	382100	48	53	32	51	19	alluvium
4975/70	4975	70	-9.368522	30.379424	118600	382100	48	53	51	53	2	marl
6377/70	6377	70	-9.390329	30.404053	116600	384900	70	195	0	3	3	loam
6377/70	6377	70	-9.390329	30.404053	116600	384900	70	195	3	33	30	limestone
6377/70	6377	70	-9.390329	30.404053	116600	384900	70	195	33	40	7	alluvium
6377/70	6377	70	-9.390329	30.404053	116600	384900	70	195	40	58	18	clay
6377/70	6377	70	-9.390329	30.404053	116600	384900	70	195	58	69	11	gravel
6377/70	6377	70	-9.390329	30.404053	116600	384900	70	195	69	87	18	marl
6377/70	6377	70	-9.390329	30.404053	116600	384900	70	195	87	100	13	gravel
6377/70	6377	70	-9.390329	30.404053	116600	384900	70	195	100	108	8	clay
6377/70	6377	70	-9.390329	30.404053	116600	384900	70	195	108	148	40	gravel
6377/70	6377	70	-9.390329	30.404053	116600	384900	70	195	148	151	3	marl
6377/70	6377	70	-9.390329	30.404053	116600	384900	70	195	151	162	11	gravel
6377/70	6377	70	-9.390329	30.404053	116600	384900	70	195	162	164	2	marl
6377/70	6377	70	-9.390329	30.404053	116600	384900	70	195	164	169	5	gravel
6377/70	6377	70	-9.390329	30.404053	116600	384900	70	195	169	175	6	clayey marl
6377/70	6377	70	-9.390329	30.404053	116600	384900	70	195	175	190	15	gravel
6377/70	6377	70	-9.390329	30.404053	116600	384900	70	195	190	195	5	marly clay
4976/70	4976	70	-9.430280	30.374411	112650	381750	27	50	0	7	7	sandy loam
4976/70	4976	70	-9.430280	30.374411	112650	381750	27	50	7	31	24	alluvium
4976/70	4976	70	-9.430280	30.374411	112650	381750	27	50	31	50	19	marl
6397/70	6397	70	-9.521231	30.380569	103940	382740	30.27	155	0	1	1	loam
6397/70	6397	70	-9.521231	30.380569	103940	382740	30.27	155	1	5	4	gravel
6397/70	6397	70	-9.521231	30.380569	103940	382740	30.27	155	5	12	7	pebbles
6397/70	6397	70	-9.521231	30.380569	103940	382740	30.27	155	12	18	6	marl
6397/70	6397	70	-9.521231	30.380569	103940	382740	30.27	155	18	24	6	pebbles
6397/70	6397	70	-9.521231	30.380569	103940	382740	30.27	155	24	33	9	alluvium
6397/70	6397	70	-9.521231	30.380569	103940	382740	30.27	155	33	39	6	pebbles
6397/70	6397	70	-9.521231	30.380569	103940	382740	30.27	155	39	42	3	sandy marl
6397/70	6397	70	-9.521231	30.380569	103940	382740	30.27	155	42	48	6	marl
6397/70	6397	70	-9.521231	30.380569	103940	382740	30.27	155	48	50	2	gravel
6397/70	6397	70	-9.521231	30.380569	103940	382740	30.27	155	50	70	20	pebbles
6397/70	6397	70	-9.521231	30.380569	103940	382740	30.27	155	70	80	10	marly clay
6397/70	6397	70	-9.521231	30.380569	103940	382740	30.27	155	80	81	1	pebbles
6397/70	6397	70	-9.521231	30.380569	103940	382740	30.27	155	81	83	2	marly clay
6397/70	6397	70	-9.521231	30.380569	103940	382740	30.27	155	83	85	2	pebbles
6397/70	6397	70	-9.521231	30.380569	103940	382740	30.27	155	85	86	1	coarse sand
6397/70	6397	70	-9.521231	30.380569	103940	382740	30.27	155	86	103	17	pebbles
6397/70	6397	70	-9.521231	30.380569	103940	382740	30.27	155	103	105	2	marl
6397/70	6397	70	-9.521231	30.380569	103940	382740	30.27	155	105	137	32	pebbles
6397/70	6397	70	-9.521231	30.380569	103940	382740	30.27	155	137	140	3	pebbles
6397/70	6397	70	-9.521231	30.380569	103940	382740	30.27	155	140	143	3	alluvium
6397/70	6397	70	-9.521231	30.380569	103940	382740	30.27	155	143	155	12	marl
1132/69	1132	69	-9.527223	30.376863	103350	382350	23	120	0	2	2	loam
1132/69	1132	69	-9.527223	30.376863	103350	382350	23	120	2	10	8	marl-limestone
1132/69	1132	69	-9.527223	30.376863	103350	382350	23	120	10	17	7	clay
1132/69	1132	69	-9.527223	30.376863	103350	382350	23	120	17	35	18	clay
1132/69	1132	69	-9.527223	30.376863	103350	382350	23	120	35	52	17	alluvium
1132/69	1132	69	-9.527223	30.376863	103350	382350	23	120	52	55	3	sandy clay
1132/69	1132	69	-9.527223	30.376863	103350	382350	23	120	55	56	1	gravel
1132/69	1132	69	-9.527223	30.376863	103350	382350	23	120	56	60	4	marl-limestone
1132/69	1132	69	-9.527223	30.376863	103350	382350	23	120	60	77	17	alluvium
1132/69	1132	69	-9.527223	30.376863	103350	382350	23	120	77	83	6	alluvium
1132/69	1132	69	-9.527223	30.376863	103350	382350	23	120	83	98	15	alluvium
1132/69	1132	69	-9.527223	30.376863	103350	382350	23	120	98	100	2	alluvium
1132/69	1132	69	-9.527223	30.376863	103350	382350	23	120	100	109	9	alluvium
1132/69	1132	69	-9.527223	30.376863	103350	382350	23	120	109	112	3	alluvium
1132/69	1132	69	-9.527223	30.376863	103350	382350	23	120	112	120	8	alluvium
4701/70	4701	70	-9.458077	30.327972	109800	376700	46	230	0	0.3	0.3	loam
4701/70	4701	70	-9.458077	30.327972	109800	376700	46	230	0.3	5	4.7	sand
4701/70	4701	70	-9.458077	30.327972	109800	376700	46	230	5	12	7	pebbles
4701/70	4701	70	-9.458077	30.327972	109800	376700	46	230	12	18	6	clayey marl
4701/70	4701	70	-9.458077	30.327972	109800	376700	46	230	18	23	5	marly limestone
4701/70	4701	70	-9.458077	30.327972	109800	376700	46	230	23	29	6	marl
4701/70	4701	70	-9.458077	30.327972	109800	376700	46	230	29	32	3	limestone
4701/70	4701	70	-9.458077	30.327972	109800	376700	46	230	32	39	7	marly limestone
4701/70	4701	70	-9.458077	30.327972	109800	376700	46	230	39	44	5	limestone
4701/70	4701	70	-9.458077	30.327972	109800	376700	46	230	44	48	4	limestone
4701/70	4701	70	-9.458077	30.327972	109800	376700	46	230	48	52	4	marl
4701/70	4701	70	-9.458077	30.327972	109800	376700	46	230	52	57	5	marly limestone
4701/70	4701	70	-9.458077	30.327972	109800	376700	46	230	57	61	4	marl
4701/70	4701	70	-9.458077	30.327972	109800	376700	46	230	61	66	5	limestone
4701/70	4701	70	-9.458077	30.327972	109800	376700	46	230	66	75	9	clayey marl
4701/70	4701	70	-9.458077	30.327972	109800	376700	46	230	75	77	2	marly clay
4701/70	4701	70	-9.458077	30.327972	109800	376700	46	230	77	86	9	clayey marl
4701/70	4701	70	-9.458077	30.327972	109800	376700	46	230	86	90	4	marly clay
4701/70	4701	70	-9.458077	30.327972	109800	376700	46	230	90	92	2	calcareous marl
4701/70	4701	70	-9.458077	30.327972	109800	376700	46	230	92	94	2	marly clay
4701/70	4701	70	-9.458077	30.327972	109800	376700	46	230	94	96	2	marl
4701/70	4701	70	-9.458077	30.327972	109800	376700	46	230	96	102	6	clay
4701/70	4701	70	-9.458077	30.327972	109800	376700	46	230	102	105	3	marly clay
4701/70	4701	70	-9.458077	30.327972	109800	376700	46	230	105	135	30	marl
4701/70	4701	70	-9.458077	30.327972	109800	376700	46	230	135	142	7	sandstone
4701/70	4701	70	-9.458077	30.327972	109800	376700	46	230	142	149	7	sandstone
4701/70	4701	70	-9.458077	30.327972	109800	376700	46	230	149	151	2	sand
4701/70	4701	70	-9.458077	30.327972	109800	376700	46	230	151	180	29	sand
4701/70	4701	70	-9.458077	30.327972	109800	376700	46	230	180	191	11	sand
4701/70	4701	70	-9.458077	30.327972	109800	376700	46	230	191	205	14	sand
4701/70	4701	70	-9.458077	30.327972	109800	376700	46	230	205	215	10	sand
4701/70	4701	70	-9.458077	30.327972	109800	376700	46	230	215	230	15	sand
4700/70	4700	70	-9.397724	30.289166	115450	372200	92	201	0	7	7	sand
4700/70	4700	70	-9.397724	30.289166	115450	372200	92	201	7	10	3	clayey sand
4700/70	4700	70	-9.397724	30.289166	115450	372200	92	201	10	17	7	limestone
4700/70	4700	70	-9.397724	30.289166	115450	372200	92	201	17	21	4	marly limestone
4700/70	4700	70	-9.397724	30.289166	115450	372200	92	201	21	30	9	limestone
4700/70	4700	70	-9.397724	30.289166	115450	372200	92	201	30	38	8	limestone
4700/70	4700	70	-9.397724	30.289166	115450	372200	92	201	38	50	12	limestone
4700/70	4700	70	-9.397724	30.289166	115450	372200	92	201	50	61	11	marly limestone
4700/70	4700	70	-9.397724	30.289166	115450	372200	92	201	61	76	15	marl
4700/70	4700	70	-9.397724	30.289166	115450	372200	92	201	76	84	8	marly clay
4700/70	4700	70	-9.397724	30.289166	115450	372200	92	201	84	101	17	clayey marl
4700/70	4700	70	-9.397724	30.289166	115450	372200	92	201	101	129	28	marly clay
4700/70	4700	70	-9.397724	30.289166	115450	372200	92	201	129	151	22	clayey marl
4700/70	4700	70	-9.397724	30.289166	115450	372200	92	201	151	165	14	clay
4700/70	4700	70	-9.397724	30.289166	115450	372200	92	201	165	181	16	marl
4700/70	4700	70	-9.397724	30.289166	115450	372200	92	201	181	195	14	clay
4700/70	4700	70	-9.397724	30.289166	115450	372200	92	201	195	201	6	clayey marl
4699/70	4699	70	-9.407761	30.306020	114550	374100	80	124	0	1	1	limestone
4699/70	4699	70	-9.407761	30.306020	114550	374100	80	124	1	7	6	limestone
4699/70	4699	70	-9.407761	30.306020	114550	374100	80	124	7	12	5	limestone
4699/70	4699	70	-9.407761	30.306020	114550	374100	80	124	12	17	5	marl
4699/70	4699	70	-9.407761	30.306020	114550	374100	80	124	17	23	6	limestone
4699/70	4699	70	-9.407761	30.306020	114550	374100	80	124	23	30	7	marl
4699/70	4699	70	-9.407761	30.306020	114550	374100	80	124	30	36	6	limestone
4699/70	4699	70	-9.407761	30.306020	114550	374100	80	124	36	39	3	marl
4699/70	4699	70	-9.407761	30.306020	114550	374100	80	124	39	61	22	marl
4699/70	4699	70	-9.407761	30.306020	114550	374100	80	124	61	96	35	marly clay
4699/70	4699	70	-9.407761	30.306020	114550	374100	80	124	96	108	12	clay
4699/70	4699	70	-9.407761	30.306020	114550	374100	80	124	108	113	5	marl
4699/70	4699	70	-9.407761	30.306020	114550	374100	80	124	113	124	11	calcareous marl
4698/70	4698	70	-9.431744	30.320194	112300	375750	58	111	0	5	5	loam
4698/70	4698	70	-9.431744	30.320194	112300	375750	58	111	5	9	4	loam
4698/70	4698	70	-9.431744	30.320194	112300	375750	58	111	9	20	11	limestone
4698/70	4698	70	-9.431744	30.320194	112300	375750	58	111	20	23	3	limestone
4698/70	4698	70	-9.431744	30.320194	112300	375750	58	111	23	31	8	marl
4698/70	4698	70	-9.431744	30.320194	112300	375750	58	111	31	37	6	limestone
4698/70	4698	70	-9.431744	30.320194	112300	375750	58	111	37	40	3	marl
4698/70	4698	70	-9.431744	30.320194	112300	375750	58	111	40	42	2	marly limestone
4698/70	4698	70	-9.431744	30.320194	112300	375750	58	111	42	44	2	marl
4698/70	4698	70	-9.431744	30.320194	112300	375750	58	111	44	46	2	marly limestone
4698/70	4698	70	-9.431744	30.320194	112300	375750	58	111	46	74	28	marl
4698/70	4698	70	-9.431744	30.320194	112300	375750	58	111	74	76	2	marly limestone
4698/70	4698	70	-9.431744	30.320194	112300	375750	58	111	76	82	6	marl
4698/70	4698	70	-9.431744	30.320194	112300	375750	58	111	82	90	8	marly limestone
4698/70	4698	70	-9.431744	30.320194	112300	375750	58	111	90	100	10	marl
4698/70	4698	70	-9.431744	30.320194	112300	375750	58	111	100	108	8	marl
4698/70	4698	70	-9.431744	30.320194	112300	375750	58	111	108	110	2	marl
4698/70	4698	70	-9.431744	30.320194	112300	375750	58	111	110	111	1	marl
1220/69	1220	69	-9.547090	30.252997	100950	368700	48	100	0	11	11	fine sand
1220/69	1220	69	-9.547090	30.252997	100950	368700	48	100	11	15	4	fragile sandstone
1220/69	1220	69	-9.547090	30.252997	100950	368700	48	100	15	30	15	fine sand
1220/69	1220	69	-9.547090	30.252997	100950	368700	48	100	30	38	8	sandstone
1220/69	1220	69	-9.547090	30.252997	100950	368700	48	100	38	55	17	fine sand
1220/69	1220	69	-9.547090	30.252997	100950	368700	48	100	55	85	30	fragile sandstone
1220/69	1220	69	-9.547090	30.252997	100950	368700	48	100	85	91	6	fine sand
1220/69	1220	69	-9.547090	30.252997	100950	368700	48	100	91	97	6	sandstone
1220/69	1220	69	-9.547090	30.252997	100950	368700	48	100	97	100	3	clayey sand
5844/70	5844	70	-9.431734	30.319968	112300	375725	58	110	0	1	1	clayey loam
5844/70	5844	70	-9.431734	30.319968	112300	375725	58	110	1	5	4	gravel
5844/70	5844	70	-9.431734	30.319968	112300	375725	58	110	5	10	5	limestone
5844/70	5844	70	-9.431734	30.319968	112300	375725	58	110	10	45	35	limestone
5844/70	5844	70	-9.431734	30.319968	112300	375725	58	110	45	56	11	marl-limestone
5844/70	5844	70	-9.431734	30.319968	112300	375725	58	110	56	60	4	alluvium
5844/70	5844	70	-9.431734	30.319968	112300	375725	58	110	60	100	40	marl-limestone
5844/70	5844	70	-9.431734	30.319968	112300	375725	58	110	100	110	10	marl
1182/69	1182	69	-9.549672	30.284248	100826	372170	40.8	65	0	6	6	sandstone
1182/69	1182	69	-9.549672	30.284248	100826	372170	40.8	65	6	9	3	alluvium
1182/69	1182	69	-9.549672	30.284248	100826	372170	40.8	65	9	17	8	alluvium
1182/69	1182	69	-9.549672	30.284248	100826	372170	40.8	65	17	45	28	alluvium
1182/69	1182	69	-9.549672	30.284248	100826	372170	40.8	65	45	65	20	alluvium
1279/69	1279	69	-9.546558	30.291731	101155	372988	30.47	61	0	0.5	0.5	sandy loam
1279/69	1279	69	-9.546558	30.291731	101155	372988	30.47	61	0.5	2	1.5	sandy limestone
1279/69	1279	69	-9.546558	30.291731	101155	372988	30.47	61	2	5	3	sandstone
1279/69	1279	69	-9.546558	30.291731	101155	372988	30.47	61	5	10	5	sandstone
1279/69	1279	69	-9.546558	30.291731	101155	372988	30.47	61	10	11	1	sandy limestone
1279/69	1279	69	-9.546558	30.291731	101155	372988	30.47	61	11	13	2	sandstone
1279/69	1279	69	-9.546558	30.291731	101155	372988	30.47	61	13	17	4	sandy limestone
1279/69	1279	69	-9.546558	30.291731	101155	372988	30.47	61	17	19	2	sandstone
1279/69	1279	69	-9.546558	30.291731	101155	372988	30.47	61	19	25	6	sandstone
1279/69	1279	69	-9.546558	30.291731	101155	372988	30.47	61	25	37	12	sandstone
1279/69	1279	69	-9.546558	30.291731	101155	372988	30.47	61	37	40	3	fragile sandstone
1279/69	1279	69	-9.546558	30.291731	101155	372988	30.47	61	40	44	4	fragile sandstone
1279/69	1279	69	-9.546558	30.291731	101155	372988	30.47	61	44	45	1	fine sand
1279/69	1279	69	-9.546558	30.291731	101155	372988	30.47	61	45	46	1	sandstone
1279/69	1279	69	-9.546558	30.291731	101155	372988	30.47	61	46	52	6	sandstone
1279/69	1279	69	-9.546558	30.291731	101155	372988	30.47	61	52	57	5	fragile sandstone
1279/69	1279	69	-9.546558	30.291731	101155	372988	30.47	61	57	60	3	sandstone
1279/69	1279	69	-9.546558	30.291731	101155	372988	30.47	61	60	61	1	sand
1277/69	1277	69	-9.551311	30.303231	100744	374278	39.11	65	0	2	2	dune sand
1277/69	1277	69	-9.551311	30.303231	100744	374278	39.11	65	2	7	5	limestone
1277/69	1277	69	-9.551311	30.303231	100744	374278	39.11	65	7	9	2	fragile sandstone
1277/69	1277	69	-9.551311	30.303231	100744	374278	39.11	65	9	11	2	fragile sandstone
1277/69	1277	69	-9.551311	30.303231	100744	374278	39.11	65	11	13	2	sandstone
1277/69	1277	69	-9.551311	30.303231	100744	374278	39.11	65	13	14	1	sandstone
1277/69	1277	69	-9.551311	30.303231	100744	374278	39.11	65	14	21	7	sandstone
1277/69	1277	69	-9.551311	30.303231	100744	374278	39.11	65	21	23	2	sandstone
1277/69	1277	69	-9.551311	30.303231	100744	374278	39.11	65	23	26	3	sandstone
1277/69	1277	69	-9.551311	30.303231	100744	374278	39.11	65	26	28	2	sandstone
1277/69	1277	69	-9.551311	30.303231	100744	374278	39.11	65	28	35	7	sandstone
1277/69	1277	69	-9.551311	30.303231	100744	374278	39.11	65	35	45	10	sandstone
1277/69	1277	69	-9.551311	30.303231	100744	374278	39.11	65	45	57	12	fragile sandstone
1277/69	1277	69	-9.551311	30.303231	100744	374278	39.11	65	57	65	8	sandstone
1274/69	1274	69	-9.549109	30.313394	100996	375396	29.12	58	0	14	14	dune sand
1274/69	1274	69	-9.549109	30.313394	100996	375396	29.12	58	14	15	1	dune sand
1274/69	1274	69	-9.549109	30.313394	100996	375396	29.12	58	15	19	4	sandy limestone
1274/69	1274	69	-9.549109	30.313394	100996	375396	29.12	58	19	23	4	limestone
1274/69	1274	69	-9.549109	30.313394	100996	375396	29.12	58	23	24	1	sandstone
1274/69	1274	69	-9.549109	30.313394	100996	375396	29.12	58	24	30	6	sandstone
1274/69	1274	69	-9.549109	30.313394	100996	375396	29.12	58	30	54	24	sandstone
1274/69	1274	69	-9.549109	30.313394	100996	375396	29.12	58	54	55	1	sandstone
1274/69	1274	69	-9.549109	30.313394	100996	375396	29.12	58	55	58	3	fragile sandstone
1273/69	1273	69	-9.546663	30.318166	101250	375916	21.31	40	0	1	1	dune sand
1273/69	1273	69	-9.546663	30.318166	101250	375916	21.31	40	1	8	7	sandy limestone
1273/69	1273	69	-9.546663	30.318166	101250	375916	21.31	40	8	14	6	sandstone
1273/69	1273	69	-9.546663	30.318166	101250	375916	21.31	40	14	16	2	sandstone
1273/69	1273	69	-9.546663	30.318166	101250	375916	21.31	40	16	21	5	sandstone
1273/69	1273	69	-9.546663	30.318166	101250	375916	21.31	40	21	25	4	sandstone
1273/69	1273	69	-9.546663	30.318166	101250	375916	21.31	40	25	26	1	sandstone
1273/69	1273	69	-9.546663	30.318166	101250	375916	21.31	40	26	39	13	sandstone
1273/69	1273	69	-9.546663	30.318166	101250	375916	21.31	40	39	40	1	fine sand
4377/70	4377	70	-9.518944	30.312236	103890	375164	28	52	0	10	10	dune sand
4377/70	4377	70	-9.518944	30.312236	103890	375164	28	52	10	13	3	sandstone
4377/70	4377	70	-9.518944	30.312236	103890	375164	28	52	13	19	6	sandstone
4377/70	4377	70	-9.518944	30.312236	103890	375164	28	52	19	29	10	sandstone
4377/70	4377	70	-9.518944	30.312236	103890	375164	28	52	29	30	1	sandstone
4377/70	4377	70	-9.518944	30.312236	103890	375164	28	52	30	32	2	sandy limestone
4377/70	4377	70	-9.518944	30.312236	103890	375164	28	52	32	45	13	limestone
4377/70	4377	70	-9.518944	30.312236	103890	375164	28	52	45	52	7	sandy marl
1281/69	1281	69	-9.545804	30.322563	101350	376400	20	61	0	5	5	dune sand
1281/69	1281	69	-9.545804	30.322563	101350	376400	20	61	5	8	3	sandy limestone
1281/69	1281	69	-9.545804	30.322563	101350	376400	20	61	8	9	1	sandstone
1281/69	1281	69	-9.545804	30.322563	101350	376400	20	61	9	14	5	sandy limestone
1281/69	1281	69	-9.545804	30.322563	101350	376400	20	61	14	20	6	sandstone
1281/69	1281	69	-9.545804	30.322563	101350	376400	20	61	20	30	10	sandstone
1281/69	1281	69	-9.545804	30.322563	101350	376400	20	61	30	61	31	sandstone
0866/69	0866	69	-9.595188	30.309333	96552	375106	57	80	0	9	9	sandy limestone
0866/69	0866	69	-9.595188	30.309333	96552	375106	57	80	9	11	2	sandstone
0866/69	0866	69	-9.595188	30.309333	96552	375106	57	80	11	17	6	marly sand
0866/69	0866	69	-9.595188	30.309333	96552	375106	57	80	17	21	4	sandstone
0866/69	0866	69	-9.595188	30.309333	96552	375106	57	80	21	22	1	sandstone
0866/69	0866	69	-9.595188	30.309333	96552	375106	57	80	22	28	6	sandstone
0866/69	0866	69	-9.595188	30.309333	96552	375106	57	80	28	35	7	sandstone
0866/69	0866	69	-9.595188	30.309333	96552	375106	57	80	35	44	9	sandstone
0866/69	0866	69	-9.595188	30.309333	96552	375106	57	80	44	53	9	sandstone
0866/69	0866	69	-9.595188	30.309333	96552	375106	57	80	53	80	27	marl
1272/69	1272	69	-9.546050	30.325751	101339	376754	20.64	45	0	0.5	0.5	dune sand
1272/69	1272	69	-9.546050	30.325751	101339	376754	20.64	45	0.5	2	1.5	sandstone
1272/69	1272	69	-9.546050	30.325751	101339	376754	20.64	45	2	7	5	sandstone
1272/69	1272	69	-9.546050	30.325751	101339	376754	20.64	45	7	9	2	limestone
1272/69	1272	69	-9.546050	30.325751	101339	376754	20.64	45	9	10	1	sandstone
1272/69	1272	69	-9.546050	30.325751	101339	376754	20.64	45	10	24	14	sandstone
1272/69	1272	69	-9.546050	30.325751	101339	376754	20.64	45	24	27	3	sandstone
1272/69	1272	69	-9.546050	30.325751	101339	376754	20.64	45	27	45	18	sandstone
1271/69	1271	69	-9.576471	30.336684	98460	378070	15.12	82	0	4	4	dune sand
1271/69	1271	69	-9.576471	30.336684	98460	378070	15.12	82	4	9	5	sandstone
1271/69	1271	69	-9.576471	30.336684	98460	378070	15.12	82	9	11	2	sandstone
1271/69	1271	69	-9.576471	30.336684	98460	378070	15.12	82	11	12	1	sandstone
1271/69	1271	69	-9.576471	30.336684	98460	378070	15.12	82	12	14	2	sandstone
1271/69	1271	69	-9.576471	30.336684	98460	378070	15.12	82	14	16	2	sandy limestone
1271/69	1271	69	-9.576471	30.336684	98460	378070	15.12	82	16	28	12	fine sand
1271/69	1271	69	-9.576471	30.336684	98460	378070	15.12	82	28	30	2	clayey sand
1271/69	1271	69	-9.576471	30.336684	98460	378070	15.12	82	30	35	5	sandy clay
1271/69	1271	69	-9.576471	30.336684	98460	378070	15.12	82	35	59	24	sandstone
1271/69	1271	69	-9.576471	30.336684	98460	378070	15.12	82	59	77	18	sandstone
1271/69	1271	69	-9.576471	30.336684	98460	378070	15.12	82	77	82	5	sandstone
0868/62	0868	62	-8.415556	30.600420	210765	403820	471.25	112	0	4	4	loam
0868/62	0868	62	-8.415556	30.600420	210765	403820	471.25	112	4	6	2	pebbles
0868/62	0868	62	-8.415556	30.600420	210765	403820	471.25	112	6	9	3	loam
0868/62	0868	62	-8.415556	30.600420	210765	403820	471.25	112	9	11	2	pebbles
0868/62	0868	62	-8.415556	30.600420	210765	403820	471.25	112	11	12	1	loam
0868/62	0868	62	-8.415556	30.600420	210765	403820	471.25	112	12	14	2	pebbles
0868/62	0868	62	-8.415556	30.600420	210765	403820	471.25	112	14	17	3	loam
0868/62	0868	62	-8.415556	30.600420	210765	403820	471.25	112	17	19	2	pebbles
0868/62	0868	62	-8.415556	30.600420	210765	403820	471.25	112	19	28	9	loam
0868/62	0868	62	-8.415556	30.600420	210765	403820	471.25	112	28	31	3	pebbles
0868/62	0868	62	-8.415556	30.600420	210765	403820	471.25	112	31	39	8	sandy marl
0868/62	0868	62	-8.415556	30.600420	210765	403820	471.25	112	39	56	17	pebbles
0868/62	0868	62	-8.415556	30.600420	210765	403820	471.25	112	56	59	3	sandy marl
0868/62	0868	62	-8.415556	30.600420	210765	403820	471.25	112	59	78	19	pebbles
0868/62	0868	62	-8.415556	30.600420	210765	403820	471.25	112	78	87	9	sandy marl
0868/62	0868	62	-8.415556	30.600420	210765	403820	471.25	112	87	88	1	calcareous marl
0868/62	0868	62	-8.415556	30.600420	210765	403820	471.25	112	88	90	2	pebbles
0868/62	0868	62	-8.415556	30.600420	210765	403820	471.25	112	90	96	6	clayey marl
0868/62	0868	62	-8.415556	30.600420	210765	403820	471.25	112	96	109	13	pebbles
0868/62	0868	62	-8.415556	30.600420	210765	403820	471.25	112	109	110	1	sandy clay
0868/62	0868	62	-8.415556	30.600420	210765	403820	471.25	112	110	112	2	marly limestone
1041/69	1041	69	-9.557252	30.372769	100450	382000	12	70	0	10	10	sandstone
1041/69	1041	69	-9.557252	30.372769	100450	382000	12	70	10	15	5	sandstone
1041/69	1041	69	-9.557252	30.372769	100450	382000	12	70	15	25	10	sandstone
1041/69	1041	69	-9.557252	30.372769	100450	382000	12	70	25	35	10	sandstone
1041/69	1041	69	-9.557252	30.372769	100450	382000	12	70	35	37	2	sandstone
1041/69	1041	69	-9.557252	30.372769	100450	382000	12	70	37	42	5	sandstone
1041/69	1041	69	-9.557252	30.372769	100450	382000	12	70	42	53	11	alluvium
1041/69	1041	69	-9.557252	30.372769	100450	382000	12	70	53	56	3	sandstone
1041/69	1041	69	-9.557252	30.372769	100450	382000	12	70	56	58	2	sandstone
1041/69	1041	69	-9.557252	30.372769	100450	382000	12	70	58	65.5	7.5	alluvium
1041/69	1041	69	-9.557252	30.372769	100450	382000	12	70	65.5	68	2.5	sandstone
1041/69	1041	69	-9.557252	30.372769	100450	382000	12	70	68	70	2	sandstone
0973/61	0973	61	-8.829597	30.574911	171000	402100	360	100	0	1	1	clayey loam
0973/61	0973	61	-8.829597	30.574911	171000	402100	360	100	1	17	16	alluvium
0973/61	0973	61	-8.829597	30.574911	171000	402100	360	100	17	62	45	sandstone
0973/61	0973	61	-8.829597	30.574911	171000	402100	360	100	62	100	38	sandy marl
1294/69	1294	69	-9.595420	30.395230	96875	384620	16.04	46	0	46	46	dune sand
0975/69	0975	69	-9.590615	30.342109	97123	378720	44	44	0	12.8	12.8	dune sand
0975/69	0975	69	-9.590615	30.342109	97123	378720	44	44	12.8	13.8	1	sandy limestone
0975/69	0975	69	-9.590615	30.342109	97123	378720	44	44	13.8	18.2	4.4	fine sand
0975/69	0975	69	-9.590615	30.342109	97123	378720	44	44	18.2	31.8	13.6	sand
0975/69	0975	69	-9.590615	30.342109	97123	378720	44	44	31.8	32.2	0.4	sandy loam
0975/69	0975	69	-9.590615	30.342109	97123	378720	44	44	32.2	36.3	4.1	sandstone
0975/69	0975	69	-9.590615	30.342109	97123	378720	44	44	36.3	37.8	1.5	fine sand
0975/69	0975	69	-9.590615	30.342109	97123	378720	44	44	37.8	38.8	1	sandy limestone
0975/69	0975	69	-9.590615	30.342109	97123	378720	44	44	38.8	40.3	1.5	sandstone
0975/69	0975	69	-9.590615	30.342109	97123	378720	44	44	40.3	44	3.7	sandstone
1233/69	1233	69	-9.603533	30.371372	96000	382006	2	50	0	9	9	fine sand
1233/69	1233	69	-9.603533	30.371372	96000	382006	2	50	9	19	10	alluvium
1233/69	1233	69	-9.603533	30.371372	96000	382006	2	50	19	21	2	clayey sand
1233/69	1233	69	-9.603533	30.371372	96000	382006	2	50	21	28	7	clay
1233/69	1233	69	-9.603533	30.371372	96000	382006	2	50	28	36	8	alluvium
1233/69	1233	69	-9.603533	30.371372	96000	382006	2	50	36	38	2	alluvium
1233/69	1233	69	-9.603533	30.371372	96000	382006	2	50	38	39	1	pebbles
1233/69	1233	69	-9.603533	30.371372	96000	382006	2	50	39	40	1	sandy clay
1233/69	1233	69	-9.603533	30.371372	96000	382006	2	50	40	48	8	sandstone
1233/69	1233	69	-9.603533	30.371372	96000	382006	2	50	48	50	2	alluvium
0977/69	0977	69	-9.587716	30.342724	97404	378778	39.6	41	0	11	11	dune sand
0977/69	0977	69	-9.587716	30.342724	97404	378778	39.6	41	11	12.65	1.65	limestone
0977/69	0977	69	-9.587716	30.342724	97404	378778	39.6	41	12.65	27.8	15.15	fine sand
0977/69	0977	69	-9.587716	30.342724	97404	378778	39.6	41	27.8	29.2	1.4	sandy loam
0977/69	0977	69	-9.587716	30.342724	97404	378778	39.6	41	29.2	30.8	1.6	sandstone
0977/69	0977	69	-9.587716	30.342724	97404	378778	39.6	41	30.8	31.6	0.8	limestone
0977/69	0977	69	-9.587716	30.342724	97404	378778	39.6	41	31.6	33.4	1.8	sandstone
0977/69	0977	69	-9.587716	30.342724	97404	378778	39.6	41	33.4	35.7	2.3	fine sand
0977/69	0977	69	-9.587716	30.342724	97404	378778	39.6	41	35.7	39.5	3.8	sandstone
0977/69	0977	69	-9.587716	30.342724	97404	378778	39.6	41	39.5	41	1.5	sandstone
1036/69	1036	69	-9.583428	30.341251	97810	378600	30	70	0	7	7	fine sand
1036/69	1036	69	-9.583428	30.341251	97810	378600	30	70	7	58	51	sandstone
1036/69	1036	69	-9.583428	30.341251	97810	378600	30	70	58	60	2	sandstone
1036/69	1036	69	-9.583428	30.341251	97810	378600	30	70	60	70	10	sandstone
0988/69	0988	69	-9.541082	30.409840	102150	386050	78	106	0	1	1	clayey loam
0988/69	0988	69	-9.541082	30.409840	102150	386050	78	106	1	4	3	clay
0988/69	0988	69	-9.541082	30.409840	102150	386050	78	106	4	10	6	sandy limestone
0988/69	0988	69	-9.541082	30.409840	102150	386050	78	106	10	14	4	clay
0988/69	0988	69	-9.541082	30.409840	102150	386050	78	106	14	20	6	sandy limestone
0988/69	0988	69	-9.541082	30.409840	102150	386050	78	106	20	70	50	sandy limestone
0988/69	0988	69	-9.541082	30.409840	102150	386050	78	106	70	106	36	clay
